<?xml version="1.0" encoding="UTF-8"?>
<DataPacketConfiguration>
    
    <QueueDefault>
        <prefix>dev</prefix>
		<tx>msy.queue.tx</tx>
		<txAck>msy.queue.ack.tx</txAck> <!-- In order to permit ack also via SMS set this value equal to <tx></tx>, beacuse <txAck> will use only GPRS bearer -->
		<rx>msy.queue.rx</rx>
		<smsTx>msy.sms.tx</smsTx>
    </QueueDefault>
    
	<DataPacket id="0">
		<class>msy.mxp.datapacket.TerminalId</class>		    
		<descr>TerminalId</descr>
		<rx> 
			<status size="8"/> 
		</rx>
		<tx>
			<get size="0"/> 
		</tx>
	</DataPacket>
	<DataPacket id="1">
		<class>msy.mxp.datapacket.TerminalIdComp</class>		    
		<descr>TerminalIdComp</descr> 
		<rx>
			<status size="5"/> 
		</rx>
		<tx>
			<get size="0"/> 
		</tx>
	</DataPacket>
	<DataPacket id="2">
		<class>msy.mxp.datapacket.SwVersion</class>		    
		<descr>SwVersion</descr>
		<rx> 
			<status size="9"/> 
		</rx>
		<tx>
			<get size="0"/> 
		</tx>
	</DataPacket>
	<DataPacket id="3"> 
		<class>msy.mxp.datapacket.Error</class>		    
		<descr>Error</descr>
		<rx>
			<status size="4"/> 
		</rx>
	</DataPacket>
	<DataPacket id="4">
		<class>msy.mxp.datapacket.ChangeStatus</class>		    
		<descr>ChangeStatus</descr>
		<rx> 
			<set size="2"/> 
			<status size="2"/> 
		</rx>
		<tx>
			<get size="0"/> 
			<set size="2"/> 
		</tx>
	</DataPacket>
	<DataPacket id="5">
		<class>msy.mxp.datapacket.Privacy</class>		    
		<descr>Privacy</descr>
		<rx> 
			<status size="1"/> 
		</rx>
		<tx>
			<get size="0"/> 
			<set size="1"/> 
		</tx>
	</DataPacket>
	<DataPacket id="6">
		<class>msy.mxp.datapacket.TransmissionMode</class>		    
		<descr>TransmissionMode</descr> 
		<rx>
			<status size="1"/> 
		</rx>
		<tx>
			<set size="1"/> 
		</tx>
	</DataPacket>
	<DataPacket id="7">
		<class>msy.mxp.datapacket.LockUnlock</class>		    
		<descr>LockUnlock</descr>
		<rx>
			<status size="6"/> 
		</rx>
		<tx>
			<get size="0"/> 
			<set size="6"/> 
		</tx>
	</DataPacket>
	<DataPacket id="8">
		<class>msy.mxp.datapacket.Parameters</class>		    
		<descr>Parameters</descr>
		<rx>
			<status size="6" dyn="true"/> 
		</rx>
		<tx>
			<get size="6"/> 
			<set size="6" dyn="true"/> 
		</tx>
	</DataPacket>
	<DataPacket id="9">
		<class>msy.mxp.datapacket.Reset</class>		    
		<descr>Reset</descr>
		<rx> 
			<status size="2"/> 
		</rx>
		<tx>
			<set size="2"/> 
		</tx>
	</DataPacket>
	<DataPacket id="10">
		<class>msy.mxp.datapacket.Flash</class>		    
		<descr>Flash</descr>
		<rx> 
			<status size="1"/> 
		</rx>
		<tx>
			<set size="1"/> 
		</tx>
	</DataPacket>
	<DataPacket id="11">
		<class>msy.mxp.datapacket.SysInfo</class>		    
		<descr>SysInfo</descr>
		<rx> 
			<status size="1"/> 
		</rx>
		<tx>
			<get size="0"/> 
		</tx>
	</DataPacket>
	<DataPacket id="12">
		<class>msy.mxp.datapacket.LogStart</class>		    
		<descr>LogStart</descr> 
		<tx> 
			<set size="0"/> 
		</tx>
	</DataPacket>
	<DataPacket id="13">
		<class>msy.mxp.datapacket.LogAck</class>
		<descr>LogAck</descr>
		<rx>
			<set size="3"/> 
		</rx>
		<tx>
			<set size="3"/> 
		</tx>
	</DataPacket>
<!--
    <DataPacket id="14" queue="msy.queue.log" queueAckClass="msy.mxp.datapacket.LogAck">
        <class>msy.mxp.datapacket.LogData</class>
        <descr>LogData</descr>
        <rx>
            <set size="4" dyn="true"/>
        </rx>
    </DataPacket>
-->
	<DataPacket id="14" queue="msy.queue.log" queueAckClass="msy.mxp.datapacket.LogAck">
		<class>msy.mxp.datapacket.T2LogData</class>
		<descr>T2LogData</descr>
		<rx>
			<set size="4" dyn="true"/>
		</rx>
	</DataPacket>
	<DataPacket id="15">
		<class>msy.mxp.datapacket.IOStatus</class>
		<descr>IOStatus</descr>
		<rx>
			<status size="8"/>
		</rx>
		<tx>
			<get size="0"/>
			<set size="8"/>
		</tx>
	</DataPacket>
	<DataPacket id="16">
		<class>msy.mxp.datapacket.LogicalStatus</class>
		<descr>LogicalStatus</descr>
		<rx>
			<status size="4"/>
		</rx>
		<tx>
			<get size="0"/>
		</tx>
	</DataPacket>
	<DataPacket id="17">
		<class>msy.mxp.datapacket.EngineBlock</class>
		<descr>EngineBlock</descr>
		<rx>
			<status size="3"/>
		</rx>
		<tx>
			<get size="3"/>
			<set size="3"/>
		</tx>
	</DataPacket>
	<DataPacket id="18">
		<class>msy.mxp.datapacket.CellInfo</class>
		<descr>CellInfo</descr>
		<rx>
			<status size="4"/>
		</rx>
		<tx>
			<get size="0"/>
		</tx>
	</DataPacket>
	<DataPacket id="19">
		<class>msy.mxp.datapacket.Position</class>
	    <descr>Position</descr>
		<rx>
			<status size="18"/>
		</rx>
		<tx>
			<get size="0"/>
		</tx>
	</DataPacket>
    <DataPacket id="20">
		<class>msy.mxp.datapacket.LogPositionComp</class>
		<descr>LogPositionComp</descr>
		<rx>
			<status size="11"/>
		</rx>
		<tx>
			<get size="0"/>
		</tx>
	</DataPacket>
	<DataPacket id="21" queue="msy.queue.alarm" queueAckClass="msy.lhr.Ack">
		<class>msy.mxp.datapacket.AlarmNotification</class>
		<descr>AlarmNotification</descr>
		<rx>
			<status size="4"/>
		</rx>
		<tx>
			<status size="4"/>
		</tx>
	</DataPacket>
	<DataPacket id="22" queue="msy.queue.fota" queueAckClass="msy.lhr.AckFota">
		<class>msy.mxp.datapacket.FotaManagement</class>
		<descr>FotaManagement</descr>
		<rx>
			<status size="6"/>
			<set size="6"/>
		</rx>
		<tx>
			<set size="6"/>
		</tx>
	</DataPacket>
	<DataPacket id="23" queue="msy.queue.fota" queueAckClass="msy.lhr.AckFota">
		<class>msy.mxp.datapacket.FotaBlockRequest</class>
		<descr>FotaBlockRequest</descr>
		<rx>
			<get size="6"/>
		</rx>
	</DataPacket>
	<DataPacket id="24" queue="msy.queue.fota" queueAckClass="msy.lhr.AckFota" >
		<class>msy.mxp.datapacket.FotaBlockData</class>
		<descr>FotaBlockData</descr>
		<rx chk="false">
			<set size="66"/>
		</rx>
		<tx chk="false">
			<set size="66"/>
		</tx>
	</DataPacket>
	<DataPacket id="25">
		<class>msy.mxp.datapacket.TripInfo</class>
		<descr>TripInfo</descr>
		<rx>
			<status size="2"/>
		</rx>
		<tx>
			<get size="0"/>
		</tx>
	</DataPacket>
	<DataPacket id="26">
		<class>msy.mxp.datapacket.TrackingManagement</class>
		<descr>TrackingManagement</descr>
		<rx>
			<status size="6"/>
		</rx>
		<tx>
			<get size="0"/>
			<set size="6"/>
		</tx>
	</DataPacket>
	<DataPacket id="27">
		<class>msy.mxp.datapacket.TrackingPosition</class>
		<descr>TrackingPosition</descr>
		<rx>
			<status size="1"/>
		</rx>
	</DataPacket>
	<DataPacket id="28" queue="msy.queue.crash" queueAckClass="msy.lhr.Ack">
		<class>msy.mxp.datapacket.CrashNotification</class>
		<descr>CrashNotification</descr>
		<rx>
			<status size="14"/>
		</rx>
		<tx>
			<status size="14"/>
		</tx>
	</DataPacket>
	<DataPacket id="29" queue="msy.queue.crash">
		<class>msy.mxp.datapacket.CrashData</class>
		<descr>CrashData</descr>
		<rx>
			<status size="452"/>
		</rx>
	</DataPacket>
	<DataPacket id="30">
		<class>msy.mxp.datapacket.DriverId</class>
		<descr>DriverId</descr>
		<rx>
			<status size="1"/>
		</rx>
		<tx>
			<get size="0"/>
		</tx>
	</DataPacket>
	<DataPacket id="31">
		<class>msy.mxp.datapacket.ESCallNotification</class>
		<descr>ESCallNotification</descr>
		<rx>
			<status size="2"/>
		</rx>
		<tx>
			<status size="2"/>
		</tx>
	</DataPacket>
	<DataPacket id="32">
		<class>msy.mxp.datapacket.AreaLogInfo</class>
		<descr>AreaLogInfo</descr>
		<rx>
			<status size="12"/>
		</rx>
		<tx>
			<get size="0"/>
		</tx>
	</DataPacket>
	<DataPacket id="33">
		<class>msy.mxp.datapacket.PrivacyInfo</class>
		<descr>PrivacyInfo</descr>
		<rx>
			<status size="2"/>
		</rx>
		<tx>
			<get size="0"/>
		</tx>
	</DataPacket>
	<DataPacket id="34">
		<class>msy.mxp.datapacket.CrashPosition</class>
		<descr>CrashPosition</descr>
		<rx>
			<status size="182"/>
		</rx>
	</DataPacket>
	<DataPacket id="35">
		<class>msy.mxp.datapacket.Debug</class>
		<descr>Debug</descr>
		<rx>
			<status size="4"/>
		</rx>
	</DataPacket>
<!--
	<DataPacket id="36">
		<class>msy.mxp.datapacket.EventNotification</class>
		<descr>EventNotification</descr>
		<rx>
			<status size="3"/>
		</rx>
		<tx>
			<status size="3"/>
		</tx>
	</DataPacket>
-->
    <DataPacket id="36">
        <class>msy.mxp.datapacket.Ping</class>
        <descr>Ping</descr>
        <rx>
            <status size="0"/>
            <get size="0"/>
            <set size="0"/>
        </rx>
        <tx>
            <get size="0"/>
            <set size="0"/>
        </tx>
    </DataPacket>
<!--

    <DataPacket id="37">
        <class>msy.mxp.datapacket.DrivingBehavior</class>
        <descr>DrivingBehavior</descr>
        <rx>
            <status size="2"/>
        </rx>
        <tx>
            <get size="0"/>
        </tx>
    </DataPacket>
-->
    <DataPacket id="37">
        <class>msy.mxp.datapacket.T2AccessRequest</class>
        <descr>T2AccessRequest</descr>
        <rx>
            <status size="4"/>
            <get size="4"/>
            <set size="4"/>
        </rx>
        <tx>
            <get size="0"/>
            <set size="0"/>
        </tx>
    </DataPacket>

<!--

    <DataPacket id="38" queue="msy.queue.alarm" queueAckClass="msy.lhr.Ack">
        <class>msy.mxp.datapacket.AlarmNotificationWithID</class>
        <descr>AlarmNotificationWithID</descr>
        <rx>
            <status size="5"/>
        </rx>
        <tx>
            <status size="5"/>
        </tx>
    </DataPacket>
-->

        <DataPacket id="38">
            <class>msy.mxp.datapacket.T2ChallengeResponse</class>
            <descr>T2ChallengeResponse</descr>
            <rx>
                <status size="1"/>
                <get size="1"/>
            </rx>
            <tx>
                <get size="1"/>
                <set size="4"/>
            </tx>
        </DataPacket>

            <DataPacket id="39">
                <class>msy.mxp.datapacket.AccelerationInfo</class>
                <descr>AccelerationInfo</descr>
                <rx>
                    <status size="6"/>
                </rx>
                <tx>
                    <get size="0"/>
                </tx>
            </DataPacket>
            <DataPacket id="40">
                <class>msy.mxp.datapacket.PositionWithDOP</class>
                <descr>PositionWithDOP</descr>
                <rx>
                    <status size="21"/>
                </rx>
                <tx>
                    <get size="0"/>
                </tx>
            </DataPacket>
            <DataPacket id="41">
                <class>msy.mxp.datapacket.AnalogInfo</class>
                <descr>AnalogInfo</descr>
                <rx>
                    <status size="3"/>
                </rx>
                <tx>
                    <get size="0"/>
                </tx>
            </DataPacket>
            <DataPacket id="42">
                <class>msy.mxp.datapacket.MSISDNInfo</class>
                <descr>MSISDNInfo</descr>
                <rx>
                    <status size="2" dyn="true"/>
                </rx>
                <tx>
                    <get size="0"/>
                </tx>
            </DataPacket>
            <DataPacket id="43">
                <class>msy.mxp.datapacket.OdometerInfo</class>
                <descr>OdometerInfo</descr>
                <rx>
                    <status size="4"/>
                </rx>
                <tx>
                    <get size="0"/>
                </tx>
            </DataPacket>
            <DataPacket id="44">
                <class>msy.mxp.datapacket.LoggingLevel</class>
                <descr>LoggingLevel</descr>
                <rx>
                    <status size="16"/>
                </rx>
                <tx>
                    <get size="0"/>
                    <set size="16"/>
                </tx>
            </DataPacket>
			<DataPacket id="45">
				<class>msy.mxp.datapacket.WiMetaConfiguration</class>
				<descr>WiMetaConfiguration</descr>
				<rx>
					<status size="6"/>
				</rx>
				<tx>
					<get size="6"/>
					<set size="6"/>
				</tx>
			</DataPacket>
			<DataPacket id="51">
				<class>msy.mxp.datapacket.TripInfoDetailed</class>
				<descr>TripInfoDetailed</descr>
				<rx>
					<status size="5"/>
				</rx>
				<tx>
					<get size="0"/>
				</tx>
			</DataPacket>
			<DataPacket id="54">
				<class>msy.mxp.datapacket.GPSInfoDetail</class>
				<descr>GPSInfoDetail</descr>
				<rx>
					<status size="7"/>
				</rx>
				<tx>
					<get size="0"/>
				</tx>
			</DataPacket>
			<DataPacket id="65">
				<class>msy.mxp.datapacket.CrashMaxMinAccelerations</class>
				<descr>CrashMaxMinAccelerations</descr>
				<rx>
					<status size="13"/>
				</rx>
			</DataPacket>
			<DataPacket id="66">
				<class>msy.mxp.datapacket.CrashMaxModuleAccelerations</class>
				<descr>CrashMaxModuleAccelerations</descr>
				<rx>
					<status size="7"/>
				</rx>
			</DataPacket>
			<DataPacket id="67">
				<class>msy.mxp.datapacket.AnalogInfoExtended</class>
				<descr>AnalogInfoExtended</descr>
				<rx>
					<status size="4"/>
				</rx>
				<tx>
					<get size="0"/>
				</tx>
			</DataPacket>
			<DataPacket id="71">
				<class>msy.mxp.datapacket.GpsDrivingBehavior</class>
				<descr>GpsDrivingBehavior</descr>
				<rx>
					<status size="9"/>
				</rx>
				<tx>
					<get size="0"/>
				</tx>
			</DataPacket>
        </DataPacketConfiguration>
